{"Name":"Default","Priority":0,"Files":{"exd/achievement_0_en.exd":"exd\\achievement_0_en.exd","exd/actioncategory_0_en.exd":"exd\\actioncategory_0_en.exd","exd/actiontransient_0_en.exd":"exd\\actiontransient_0_en.exd","exd/addon_0_en.exd":"exd\\addon_0_en.exd","exd/baseparam_0_en.exd":"exd\\baseparam_0_en.exd","exd/error_0_en.exd":"exd\\error_0_en.exd","exd/eventaction_0_en.exd":"exd\\eventaction_0_en.exd","exd/fcactivitycategory_0_en.exd":"exd\\fcactivitycategory_0_en.exd","exd/hud_0_en.exd":"exd\\hud_0_en.exd","exd/lobby_0_en.exd":"exd\\lobby_0_en.exd","common/font/axis_12.fdt":"common\\font\\axis_12.fdt","common/font/axis_12.fdt.tags":"common\\font\\axis_12.fdt.tags","common/font/axis_12_lobby.fdt":"common\\font\\axis_12_lobby.fdt","common/font/axis_14.fdt":"common\\font\\axis_14.fdt","common/font/axis_14_lobby.fdt":"common\\font\\axis_14_lobby.fdt","common/font/axis_18.fdt":"common\\font\\axis_18.fdt","common/font/axis_18_lobby.fdt":"common\\font\\axis_18_lobby.fdt","common/font/axis_36.fdt":"common\\font\\axis_36.fdt","common/font/axis_36_lobby.fdt":"common\\font\\axis_36_lobby.fdt","common/font/axis_96.fdt":"common\\font\\axis_96.fdt","common/font/font1.tex":"common\\font\\font1.tex","common/font/font_lobby1.tex":"common\\font\\font_lobby1.tex","common/font/jupiter_16.fdt":"common\\font\\jupiter_16.fdt","common/font/jupiter_16_lobby.fdt":"common\\font\\jupiter_16_lobby.fdt","common/font/jupiter_20.fdt":"common\\font\\jupiter_20.fdt","common/font/jupiter_20_lobby.fdt":"common\\font\\jupiter_20_lobby.fdt","common/font/jupiter_23.fdt":"common\\font\\jupiter_23.fdt","common/font/jupiter_23_lobby.fdt":"common\\font\\jupiter_23_lobby.fdt","common/font/jupiter_45.fdt":"common\\font\\jupiter_45.fdt","common/font/jupiter_45_lobby.fdt":"common\\font\\jupiter_45_lobby.fdt","common/font/jupiter_46.fdt":"common\\font\\jupiter_46.fdt","common/font/jupiter_46_lobby.fdt":"common\\font\\jupiter_46_lobby.fdt","common/font/jupiter_90.fdt":"common\\font\\jupiter_90.fdt","common/font/jupiter_90_lobby.fdt":"common\\font\\jupiter_90_lobby.fdt","common/font/meidinger_16.fdt":"common\\font\\meidinger_16.fdt","common/font/meidinger_16_lobby.fdt":"common\\font\\meidinger_16_lobby.fdt","common/font/meidinger_20.fdt":"common\\font\\meidinger_20.fdt","common/font/meidinger_20_lobby.fdt":"common\\font\\meidinger_20_lobby.fdt","common/font/meidinger_40.fdt":"common\\font\\meidinger_40.fdt","common/font/meidinger_40_lobby.fdt":"common\\font\\meidinger_40_lobby.fdt","common/font/miedingermid_10.fdt":"common\\font\\miedingermid_10.fdt","common/font/miedingermid_10_lobby.fdt":"common\\font\\miedingermid_10_lobby.fdt","common/font/miedingermid_12.fdt":"common\\font\\miedingermid_12.fdt","common/font/miedingermid_12_lobby.fdt":"common\\font\\miedingermid_12_lobby.fdt","common/font/miedingermid_14.fdt":"common\\font\\miedingermid_14.fdt","common/font/miedingermid_14_lobby.fdt":"common\\font\\miedingermid_14_lobby.fdt","common/font/miedingermid_18.fdt":"common\\font\\miedingermid_18.fdt","common/font/miedingermid_18_lobby.fdt":"common\\font\\miedingermid_18_lobby.fdt","common/font/miedingermid_36.fdt":"common\\font\\miedingermid_36.fdt","common/font/miedingermid_36_lobby.fdt":"common\\font\\miedingermid_36_lobby.fdt","common/font/trumpgothic_184.fdt":"common\\font\\trumpgothic_184.fdt","common/font/trumpgothic_184_lobby.fdt":"common\\font\\trumpgothic_184_lobby.fdt","common/font/trumpgothic_23.fdt":"common\\font\\trumpgothic_23.fdt","common/font/trumpgothic_23_lobby.fdt":"common\\font\\trumpgothic_23_lobby.fdt","common/font/trumpgothic_34.fdt":"common\\font\\trumpgothic_34.fdt","common/font/trumpgothic_34_lobby.fdt":"common\\font\\trumpgothic_34_lobby.fdt","common/font/trumpgothic_68.fdt":"common\\font\\trumpgothic_68.fdt","common/font/trumpgothic_68_lobby.fdt":"common\\font\\trumpgothic_68_lobby.fdt","exd/custom/000/cmndefretainercall_00010_0_en.exd":"exd\\custom\\000\\cmndefretainercall_00010_0_en.exd"},"FileSwaps":{},"Manipulations":[]}